train_per_domain,setting,metric,n,mean,std,ci95_low,ci95_high,median,min,max,scope,heldout_domain
80,LODO mean,precision_B,3,0.1985171428571428,0.0236487610669142,0.1397703636546481,0.2572639220596376,0.1946871428571428,0.1770171428571428,0.2238471428571428,seed_setting,
80,LODO mean,recall_B,3,0.1561938095238095,0.0168839139923384,0.1142518420534926,0.1981357769941264,0.1609114285714285,0.1374528571428571,0.1702171428571428,seed_setting,
80,LODO mean,mAP50_B,3,0.1030838095238095,0.0237875274441199,0.0439923155305751,0.1621753035170439,0.1013614285714285,0.0802042857142857,0.1276857142857143,seed_setting,
80,LODO mean,mAP50_95_B,3,0.0397557142857142,0.0141166316008848,0.0046880573630696,0.0748233712083588,0.0357071428571428,0.0281057142857142,0.0554542857142857,seed_setting,
80,ordinary,precision_B,3,0.21867,0.0109462916094904,0.1914779042090486,0.2458620957909513,0.22256,0.20631,0.22714,seed_setting,
80,ordinary,recall_B,3,0.2128133333333333,0.0052893887485543,0.1996737632709415,0.225952903395725,0.21155,0.20827,0.21862,seed_setting,
80,ordinary,mAP50_B,3,0.1311566666666666,0.0044857143615407,0.1200135344570231,0.1422997988763102,0.13038,0.12711,0.13598,seed_setting,
80,ordinary,mAP50_95_B,3,0.0468466666666666,0.0030482836700893,0.039274310245685,0.0544190230876483,0.048,0.04339,0.04915,seed_setting,
160,LODO mean,precision_B,3,0.2586033333333333,0.0588919110958118,0.1123077160631794,0.4048989506034873,0.2693685714285714,0.1950714285714285,0.31137,seed_setting,
160,LODO mean,recall_B,3,0.1913371428571428,0.0248198894897965,0.1296811193740635,0.2529931663402222,0.1851857142857143,0.1701714285714285,0.2186542857142857,seed_setting,
160,LODO mean,mAP50_B,3,0.1293838095238095,0.0153980047960987,0.0911330451241081,0.1676345739235109,0.1281471428571428,0.1146414285714285,0.1453628571428571,seed_setting,
160,LODO mean,mAP50_95_B,3,0.0513080952380952,0.0098839637522495,0.0267549681395589,0.0758612223366315,0.0478342857142857,0.04363,0.06246,seed_setting,
160,ordinary,precision_B,3,0.2926166666666667,0.0364171530097196,0.20215144352064,0.3830818898126933,0.28098,0.26344,0.33343,seed_setting,
160,ordinary,recall_B,3,0.2683166666666667,0.0170199422247354,0.2260367863343895,0.3105965469989439,0.26034,0.25675,0.28786,seed_setting,
160,ordinary,mAP50_B,3,0.18636,0.0086689157338158,0.1648252195056422,0.2078947804943577,0.18136,0.18135,0.19637,seed_setting,
160,ordinary,mAP50_95_B,3,0.07138,0.0028534365246137,0.064291670721121,0.0784683292788789,0.06989,0.06958,0.07467,seed_setting,
320,LODO mean,precision_B,3,0.2710438095238096,0.0444820410983141,0.1605442937358593,0.3815433253117599,0.2561928571428571,0.2358871428571429,0.3210514285714286,seed_setting,
320,LODO mean,recall_B,3,0.2141038095238095,0.0012535153290933,0.2109899048225515,0.2172177142250675,0.2143828571428571,0.2127342857142857,0.2151942857142857,seed_setting,
320,LODO mean,mAP50_B,3,0.1762357142857142,0.0118697178585177,0.1467497005255338,0.2057217280458947,0.1715971428571428,0.1673857142857142,0.1897242857142857,seed_setting,
320,LODO mean,mAP50_95_B,3,0.0732157142857142,0.0107334692073201,0.0465522986498993,0.0998791299215291,0.0672914285714285,0.06675,0.0856057142857142,seed_setting,
320,ordinary,precision_B,3,0.3771033333333333,0.0477111374139553,0.2585822976128247,0.495624369053842,0.35836,0.34161,0.43134,seed_setting,
320,ordinary,recall_B,3,0.3125966666666667,0.0065582416342594,0.2963050913002318,0.3288882420331016,0.31105,0.30695,0.31979,seed_setting,
320,ordinary,mAP50_B,3,0.2776366666666667,0.0283646423092788,0.207174989025878,0.3480983443074553,0.28031,0.24803,0.30457,seed_setting,
320,ordinary,mAP50_95_B,3,0.1138199999999999,0.0113691820286245,0.0855773861709395,0.1420626138290604,0.11288,0.10295,0.12563,seed_setting,
640,LODO mean,precision_B,3,0.3898414285714285,0.0408404449145247,0.2883881391945956,0.4912947179482614,0.4072857142857143,0.3431757142857142,0.4190628571428571,seed_setting,
640,LODO mean,recall_B,3,0.2498004761904761,0.0124327691050323,0.2189157655951808,0.2806851867857715,0.2562228571428571,0.2354699999999999,0.2577085714285714,seed_setting,
640,LODO mean,mAP50_B,3,0.2232880952380952,0.0008755014112429,0.2211132291657359,0.2254629613104546,0.2228371428571428,0.22273,0.2242971428571429,seed_setting,
640,LODO mean,mAP50_95_B,3,0.0959771428571428,0.006462710463158,0.0799228800754885,0.1120314056387971,0.0937514285714285,0.0909214285714285,0.1032585714285714,seed_setting,
640,ordinary,precision_B,3,0.4230766666666667,0.0128047426109755,0.3912679226574859,0.4548854106758475,0.42646,0.40892,0.43385,seed_setting,
640,ordinary,recall_B,3,0.3701833333333333,0.0168163204457257,0.3284092775412279,0.4119573891254387,0.36994,0.35349,0.38712,seed_setting,
640,ordinary,mAP50_B,3,0.3325466666666667,0.0090697317123128,0.3100162040846525,0.3550771292486809,0.33195,0.32379,0.3419,seed_setting,
640,ordinary,mAP50_95_B,3,0.1417033333333333,0.0072256787455112,0.1237537522686159,0.1596529143980506,0.14046,0.13518,0.14947,seed_setting,
80,,precision_B,3,0.1623466666666666,0.0496586007991901,0.0389878637086432,0.2857054696246901,0.18392,0.10555,0.19757,lodo_domain,China_Drone
80,,recall_B,3,0.2127966666666666,0.0900704848068074,-0.0109508213575589,0.4365441546908922,0.16121,0.16038,0.3168,lodo_domain,China_Drone
80,,mAP50_B,3,0.1730766666666666,0.1249592911044766,-0.1373394207995513,0.4834927541328847,0.1111,0.09122,0.31691,lodo_domain,China_Drone
80,,mAP50_95_B,3,0.0839366666666666,0.0864569079561218,-0.1308341988284628,0.2987075321617962,0.03897,0.02923,0.18361,lodo_domain,China_Drone
80,,precision_B,3,0.29675,0.1602771736711126,-0.1014005714491679,0.6949005714491681,0.35345,0.11583,0.42097,lodo_domain,China_MotorBike
80,,recall_B,3,0.14043,0.0467362204291275,0.024330792327328,0.2565292076726719,0.14537,0.09142,0.1845,lodo_domain,China_MotorBike
80,,mAP50_B,3,0.0714099999999999,0.014997969862618,0.0341529774645755,0.1086670225354244,0.0792,0.05412,0.08091,lodo_domain,China_MotorBike
80,,mAP50_95_B,3,0.0206533333333333,0.0036682738901741,0.0115408358257226,0.029765830840944,0.01987,0.01744,0.02465,lodo_domain,China_MotorBike
80,,precision_B,3,0.1514466666666666,0.0319959908946938,0.0719642190603374,0.2309291142729958,0.13642,0.12973,0.18819,lodo_domain,Czech_Republic
80,,recall_B,3,0.1423766666666666,0.038855889300508,0.0458532867316785,0.2389000466016548,0.15865,0.09803,0.17045,lodo_domain,Czech_Republic
80,,mAP50_B,3,0.10466,0.0320466332084979,0.0250517499121399,0.1842682500878601,0.11368,0.06907,0.13123,lodo_domain,Czech_Republic
80,,mAP50_95_B,3,0.03582,0.0092017878697566,0.0129614917372108,0.0586785082627891,0.03795,0.02574,0.04377,lodo_domain,Czech_Republic
80,,precision_B,3,0.14568,0.0360783411481182,0.0560564321765658,0.2353035678234341,0.14851,0.10827,0.18026,lodo_domain,India
80,,recall_B,3,0.07815,0.0182299670871891,0.032864251274746,0.1234357487252539,0.06963,0.06574,0.09908,lodo_domain,India
80,,mAP50_B,3,0.0414966666666666,0.0125192505100478,0.0103971243518072,0.072596208981526,0.03896,0.03044,0.05509,lodo_domain,India
80,,mAP50_95_B,3,0.0154066666666666,0.0061109273709751,0.0002262815306599,0.0305870518026733,0.0139,0.01019,0.02213,lodo_domain,India
80,,precision_B,3,0.24144,0.0713250958639384,0.0642586395701831,0.4186213604298169,0.25733,0.16351,0.30348,lodo_domain,Japan
80,,recall_B,3,0.1588966666666666,0.0366937056364348,0.067744448711333,0.2500488846220002,0.17401,0.11706,0.18562,lodo_domain,Japan
80,,mAP50_B,3,0.1038133333333333,0.0628905687152957,-0.0524155001257583,0.260042166792425,0.11737,0.03525,0.15882,lodo_domain,Japan
80,,mAP50_95_B,3,0.03752,0.0257778645352946,-0.0265157654205167,0.1015557654205167,0.04218,0.00973,0.06065,lodo_domain,Japan
80,,precision_B,3,0.13677,0.0687125054120427,-0.0339213259629039,0.307461325962904,0.14315,0.06509,0.20207,lodo_domain,Norway
80,,recall_B,3,0.0828999999999999,0.0320282953027475,0.0033373037953688,0.1624626962046311,0.09949,0.04598,0.10323,lodo_domain,Norway
80,,mAP50_B,3,0.0460066666666666,0.0243968119501981,-0.0145983739453017,0.1066117072786351,0.04635,0.02144,0.07023,lodo_domain,Norway
80,,mAP50_95_B,3,0.01661,0.0062268852566913,0.0011415595071109,0.0320784404928891,0.01962,0.00945,0.02076,lodo_domain,Norway
80,,precision_B,3,0.2551866666666667,0.086242199260764,0.0409491671387162,0.4694241661946171,0.22502,0.18808,0.35246,lodo_domain,United_States
80,,recall_B,3,0.2778066666666666,0.0574792417602505,0.1350203145672137,0.4205930187661195,0.31031,0.21144,0.31167,lodo_domain,United_States
80,,mAP50_B,3,0.1811233333333333,0.0421106878753284,0.0765145855144825,0.285732081152184,0.16061,0.1532,0.22956,lodo_domain,United_States
80,,mAP50_95_B,3,0.0683433333333333,0.0104434157885882,0.0424004503334125,0.0942862163332541,0.06365,0.06107,0.08031,lodo_domain,United_States
160,,precision_B,3,0.55635,0.4268021406928508,-0.5038852931508807,1.6165852931508806,0.54611,0.13476,0.98818,lodo_domain,China_Drone
160,,recall_B,3,0.1745133333333333,0.0718202285803472,-0.0038980049496362,0.3529246716163029,0.16651,0.10703,0.25,lodo_domain,China_Drone
160,,mAP50_B,3,0.1754066666666666,0.1058204561194731,-0.0874659190543375,0.4382792523876708,0.12258,0.1064,0.29724,lodo_domain,China_Drone
160,,mAP50_95_B,3,0.0905766666666666,0.0771123831387237,-0.1009811123311773,0.2821344456645107,0.05088,0.0414,0.17945,lodo_domain,China_Drone
160,,precision_B,3,0.13266,0.0253756793012522,0.0696233180864771,0.1956966819135228,0.121,0.11521,0.16177,lodo_domain,China_MotorBike
160,,recall_B,3,0.1970066666666666,0.0361283051544538,0.1072589813708641,0.2867543519624692,0.20148,0.15885,0.23069,lodo_domain,China_MotorBike
160,,mAP50_B,3,0.1147366666666666,0.0294055986732685,0.0416891100658047,0.1877842232675285,0.11452,0.08544,0.14425,lodo_domain,China_MotorBike
160,,mAP50_95_B,3,0.0370166666666666,0.0158063320645029,-0.0022484388992135,0.0762817722325468,0.03311,0.02353,0.05441,lodo_domain,China_MotorBike
160,,precision_B,3,0.2406966666666666,0.0174162290216146,0.197432355357593,0.2839609779757402,0.24876,0.22071,0.25262,lodo_domain,Czech_Republic
160,,recall_B,3,0.22002,0.0230739485134209,0.1627011343388255,0.2773388656611744,0.22457,0.19501,0.24048,lodo_domain,Czech_Republic
160,,mAP50_B,3,0.1474,0.0071294529944449,0.129689456952348,0.165110543047652,0.14921,0.13954,0.15345,lodo_domain,Czech_Republic
160,,mAP50_95_B,3,0.04841,0.0031618823507524,0.0405554488123779,0.056264551187622,0.05016,0.04476,0.05031,lodo_domain,Czech_Republic
160,,precision_B,3,0.30029,0.0985551099639181,0.0554655346529301,0.5451144653470699,0.29866,0.20256,0.39965,lodo_domain,India
160,,recall_B,3,0.0841399999999999,0.0095068186056114,0.0605237533830309,0.107756246616969,0.0872,0.07348,0.09174,lodo_domain,India
160,,mAP50_B,3,0.0601633333333333,0.00920257753748,0.0373028634271725,0.0830238032394941,0.05927,0.05144,0.06978,lodo_domain,India
160,,mAP50_95_B,3,0.0247566666666666,0.0022728029684364,0.0191107111013956,0.0304026222319376,0.02428,0.02276,0.02723,lodo_domain,India
160,,precision_B,3,0.20737,0.0494504004028278,0.0845283954981816,0.3302116045018184,0.20901,0.15712,0.25598,lodo_domain,Japan
160,,recall_B,3,0.2308333333333333,0.0334257839598913,0.1477990828537478,0.3138675838129188,0.23473,0.19563,0.26214,lodo_domain,Japan
160,,mAP50_B,3,0.1542099999999999,0.0138283223855968,0.1198585428716974,0.1885614571283025,0.14796,0.14461,0.17006,lodo_domain,Japan
160,,mAP50_95_B,3,0.05888,0.0039486579998779,0.0490709897516986,0.0686890102483014,0.0609,0.05433,0.06141,lodo_domain,Japan
160,,precision_B,3,0.1534666666666666,0.052385895366342,0.0233328884233295,0.2836004449100038,0.17577,0.09362,0.19101,lodo_domain,Norway
160,,recall_B,3,0.0819833333333333,0.0115486550443475,0.0532948838176739,0.1106717828489926,0.08389,0.0696,0.09246,lodo_domain,Norway
160,,mAP50_B,3,0.0511033333333333,0.0177889469427881,0.0069131393804274,0.0952935272862392,0.06014,0.03061,0.06256,lodo_domain,Norway
160,,mAP50_95_B,3,0.0185866666666666,0.006912165603726,0.0014158954205873,0.035757437912746,0.02153,0.01069,0.02354,lodo_domain,Norway
160,,precision_B,3,0.21939,0.0303079708987586,0.1441008265237621,0.2946791734762379,0.22625,0.18624,0.24568,lodo_domain,United_States
160,,recall_B,3,0.3508633333333333,0.0573161664221651,0.2084820828310748,0.4932445838355918,0.34029,0.29957,0.41273,lodo_domain,United_States
160,,mAP50_B,3,0.2026666666666666,0.0208160619074149,0.1509567022723276,0.2543766310610057,0.19315,0.18831,0.22654,lodo_domain,United_States
160,,mAP50_95_B,3,0.08093,0.011833423004355,0.0515341476557876,0.1103258523442123,0.08691,0.0673,0.08858,lodo_domain,United_States
320,,precision_B,3,0.3776333333333333,0.2370075324400752,-0.2111260159699473,0.966392682636614,0.36381,0.14784,0.62125,lodo_domain,China_Drone
320,,recall_B,3,0.2312233333333333,0.0361053241687889,0.1415327359706741,0.3209139306959925,0.22155,0.20094,0.27118,lodo_domain,China_Drone
320,,mAP50_B,3,0.2433433333333333,0.1026956875108849,-0.0117668968465833,0.49845356351325,0.23661,0.14418,0.34924,lodo_domain,China_Drone
320,,mAP50_95_B,3,0.1205866666666666,0.0790613966062662,-0.0758127301866089,0.3169860635199423,0.09001,0.06138,0.21037,lodo_domain,China_Drone
320,,precision_B,3,0.24284,0.071527304576644,0.0651563252813066,0.4205236747186934,0.20357,0.19955,0.3254,lodo_domain,China_MotorBike
320,,recall_B,3,0.24722,0.0325035582667498,0.1664766851434925,0.3279633148565074,0.26566,0.20969,0.26631,lodo_domain,China_MotorBike
320,,mAP50_B,3,0.1689366666666666,0.0240727363075603,0.1091366745800346,0.2287366587532986,0.16571,0.14664,0.19446,lodo_domain,China_MotorBike
320,,mAP50_95_B,3,0.0555566666666666,0.016200433121782,0.0153125598021587,0.0958007735311746,0.04651,0.0459,0.07426,lodo_domain,China_MotorBike
320,,precision_B,3,0.23265,0.0240141541595784,0.172995534036405,0.292304465963595,0.22711,0.21189,0.25895,lodo_domain,Czech_Republic
320,,recall_B,3,0.2127233333333333,0.0442387684427735,0.1028281403232492,0.3226185263434174,0.22818,0.16283,0.24716,lodo_domain,Czech_Republic
320,,mAP50_B,3,0.1644866666666666,0.018218038679653,0.1192305497484144,0.2097427835849189,0.16758,0.14492,0.18096,lodo_domain,Czech_Republic
320,,mAP50_95_B,3,0.0566,0.0082711607407908,0.0360532976838526,0.0771467023161473,0.05644,0.04841,0.06495,lodo_domain,Czech_Republic
320,,precision_B,3,0.25039,0.0501807622500894,0.1257340760901755,0.3750459239098246,0.27399,0.19276,0.28442,lodo_domain,India
320,,recall_B,3,0.0925333333333333,0.0206264740887368,0.041294331189061,0.1437723354776056,0.08531,0.07649,0.1158,lodo_domain,India
320,,mAP50_B,3,0.0626133333333333,0.0111209591912448,0.0349873392155255,0.0902393274511411,0.06416,0.0508,0.07288,lodo_domain,India
320,,mAP50_95_B,3,0.0269233333333333,0.0039375288358732,0.0171419694610362,0.0367046972056304,0.02597,0.02355,0.03125,lodo_domain,India
320,,precision_B,3,0.3062866666666666,0.0871895827110861,0.0896957361822829,0.5228775971510503,0.26612,0.24642,0.40632,lodo_domain,Japan
320,,recall_B,3,0.2704133333333333,0.0130850079607669,0.2379083715994389,0.3029182950672277,0.26479,0.26108,0.28537,lodo_domain,Japan
320,,mAP50_B,3,0.2109666666666666,0.0337051039656211,0.1272385468272014,0.2946947865061318,0.21087,0.17731,0.24472,lodo_domain,Japan
320,,mAP50_95_B,3,0.0810233333333333,0.013989868953401,0.0462705722837447,0.1157760943829219,0.0828,0.06623,0.09404,lodo_domain,Japan
320,,precision_B,3,0.1680766666666666,0.0793843620200687,-0.0291250207506267,0.36527835408396,0.20575,0.07687,0.22161,lodo_domain,Norway
320,,recall_B,3,0.1058566666666666,0.0436024418276469,-0.002457803401791,0.2141711367351243,0.11033,0.06019,0.14705,lodo_domain,Norway
320,,mAP50_B,3,0.07215,0.0369287909360704,-0.0195862022136363,0.1638862022136364,0.08835,0.02989,0.09821,lodo_domain,Norway
320,,mAP50_95_B,3,0.02785,0.0133973542164115,-0.0054308728466651,0.0611308728466651,0.03386,0.0125,0.03719,lodo_domain,Norway
320,,precision_B,3,0.31943,0.0567177141640951,0.1785353873206955,0.4603246126793046,0.30529,0.27112,0.38188,lodo_domain,United_States
320,,recall_B,3,0.3387566666666666,0.0589698307046351,0.1922674863577498,0.4852458469755835,0.34929,0.27523,0.39175,lodo_domain,United_States
320,,mAP50_B,3,0.3111533333333333,0.0379090771891552,0.2169819650700985,0.4053247015965681,0.3329,0.26738,0.33318,lodo_domain,United_States
320,,mAP50_95_B,3,0.14397,0.017581228626009,0.1002958069512265,0.1876441930487735,0.13911,0.12933,0.16347,lodo_domain,United_States
640,,precision_B,3,0.4498933333333332,0.1400059114228157,0.1020993688999403,0.7976872977667262,0.44931,0.31018,0.59019,lodo_domain,China_Drone
640,,recall_B,3,0.34338,0.0979729595347614,0.10000167648791,0.58675832351209,0.29226,0.28154,0.45634,lodo_domain,China_Drone
640,,mAP50_B,3,0.3037166666666667,0.1309858027930253,-0.0216701057553793,0.6291034390887127,0.25053,0.20769,0.45293,lodo_domain,China_Drone
640,,mAP50_95_B,3,0.15583,0.083358490269438,-0.051243969272884,0.362903969272884,0.10958,0.10585,0.25206,lodo_domain,China_Drone
640,,precision_B,3,0.3941533333333333,0.1100079389559378,0.12087846358096,0.6674282030857067,0.34043,0.32133,0.5207,lodo_domain,China_MotorBike
640,,recall_B,3,0.2921333333333333,0.0197791135628807,0.2429992914267887,0.3412673752398778,0.3016,0.2694,0.3054,lodo_domain,China_MotorBike
640,,mAP50_B,3,0.24505,0.0370650468770781,0.1529753192648563,0.3371246807351436,0.22942,0.21836,0.28737,lodo_domain,China_MotorBike
640,,mAP50_95_B,3,0.0860733333333333,0.0230124625656041,0.0289072072338732,0.1432394594327934,0.08795,0.06218,0.10809,lodo_domain,China_MotorBike
640,,precision_B,3,0.3443333333333334,0.0406427611430785,0.243371117668151,0.4452955489985157,0.35847,0.29851,0.37602,lodo_domain,Czech_Republic
640,,recall_B,3,0.2707033333333333,0.0595130047412608,0.1228648339159911,0.4185418327506756,0.30425,0.20199,0.30587,lodo_domain,Czech_Republic
640,,mAP50_B,3,0.21322,0.0236537269790618,0.1544608847878661,0.2719791152121338,0.20408,0.1955,0.24008,lodo_domain,Czech_Republic
640,,mAP50_95_B,3,0.0790933333333333,0.0129921219719233,0.0468191131872185,0.1113675534794481,0.07959,0.06586,0.09183,lodo_domain,Czech_Republic
640,,precision_B,3,0.3187233333333333,0.0907000310547539,0.0934119657332929,0.5440347009333737,0.26722,0.2655,0.42345,lodo_domain,India
640,,recall_B,3,0.1128966666666666,0.0147587612397969,0.0762338712921679,0.1495594620411653,0.1188,0.0961,0.12379,lodo_domain,India
640,,mAP50_B,3,0.09106,0.0189992026148467,0.0438633642912736,0.1382566357087263,0.09789,0.06959,0.1057,lodo_domain,India
640,,mAP50_95_B,3,0.03797,0.008557645704281,0.0167116295821972,0.0592283704178027,0.03921,0.02886,0.04584,lodo_domain,India
640,,precision_B,3,0.5122166666666667,0.1529979478075877,0.1321486946974292,0.892284638635904,0.52617,0.35272,0.65776,lodo_domain,Japan
640,,recall_B,3,0.2529233333333333,0.0170708943331429,0.2105168809470678,0.2953297857195988,0.25478,0.235,0.26899,lodo_domain,Japan
640,,mAP50_B,3,0.2610333333333333,0.0224786795282403,0.2051931978068812,0.3168734688597853,0.25826,0.24007,0.28477,lodo_domain,Japan
640,,mAP50_95_B,3,0.11314,0.002896946668477,0.1059435855319068,0.1203364144680932,0.11453,0.10981,0.11508,lodo_domain,Japan
640,,precision_B,3,0.3010566666666667,0.1495134944857263,-0.0703554434009012,0.6724687767342346,0.35612,0.13182,0.41523,lodo_domain,Norway
640,,recall_B,3,0.1109966666666666,0.0095819326512626,0.0871938264162133,0.13479950691712,0.11617,0.09994,0.11688,lodo_domain,Norway
640,,mAP50_B,3,0.0867266666666666,0.0353619008727377,-0.0011171648504781,0.1745704981838115,0.09805,0.04709,0.11504,lodo_domain,Norway
640,,mAP50_95_B,3,0.0316666666666666,0.0130535142139323,-0.0007600602630315,0.0640933935963649,0.03468,0.01737,0.04295,lodo_domain,Norway
640,,precision_B,3,0.4085133333333333,0.0445478723771779,0.2978502835829448,0.5191763830837219,0.43132,0.35718,0.43704,lodo_domain,United_States
640,,recall_B,3,0.3655699999999999,0.0899883898066856,0.1420264472615232,0.5891135527384768,0.4123,0.26183,0.42258,lodo_domain,United_States
640,,mAP50_B,3,0.36221,0.0671196312564364,0.19547559279711,0.5289444072028899,0.39194,0.28536,0.40933,lodo_domain,United_States
640,,mAP50_95_B,3,0.1680666666666666,0.036045885109584,0.0785237241125292,0.2576096092208041,0.1724,0.13005,0.20175,lodo_domain,United_States
