iou_threshold,false_positive_predictions,fp_overlapping_non_primary_xml,share_of_fp,non_primary_label_counts,domain_counts,model_label,split,source_csv
0.1,141032,3319,0.023534,D44:1794; Repair:1243; D50:226; D43:29; D01:27,Japan:1849; China_MotorBike:750; China_Drone:493; India:227,YOLOv8n seed20260512,lodo_all,data_processed\calibration\g3_frozen_subset_lodo_all_label_boundary_overlap.csv
0.3,141032,996,0.007062,D44:539; Repair:373; D50:67; D01:13; D43:4,Japan:557; China_MotorBike:225; China_Drone:148; India:66,YOLOv8n seed20260512,lodo_all,data_processed\calibration\g3_frozen_subset_lodo_all_label_boundary_overlap.csv
0.5,141032,295,0.002092,D44:157; Repair:108; D50:25; D01:5,Japan:163; China_MotorBike:72; China_Drone:36; India:24,YOLOv8n seed20260512,lodo_all,data_processed\calibration\g3_frozen_subset_lodo_all_label_boundary_overlap.csv
0.1,151091,2120,0.014031,D44:1252; Repair:518; D50:262; D01:61; D43:27,Japan:1184; India:418; China_MotorBike:291; China_Drone:227,YOLOv8n seed20260512,ordinary,data_processed\calibration\g3_frozen_subset_ordinary_label_boundary_overlap.csv
0.3,151091,662,0.004381,D44:409; Repair:167; D50:64; D01:18; D43:4,Japan:370; India:125; China_MotorBike:93; China_Drone:74,YOLOv8n seed20260512,ordinary,data_processed\calibration\g3_frozen_subset_ordinary_label_boundary_overlap.csv
0.5,151091,236,0.001562,D44:129; Repair:70; D50:28; D01:7; D43:2,Japan:124; India:42; China_MotorBike:35; China_Drone:35,YOLOv8n seed20260512,ordinary,data_processed\calibration\g3_frozen_subset_ordinary_label_boundary_overlap.csv
0.1,144041,3875,0.026902,D44:2285; Repair:1152; D43:343; D50:95,Japan:2170; China_MotorBike:768; India:553; China_Drone:384,YOLOv8n seed20260513,lodo_all,data_processed\calibration\g4a_r08_repeat_yolov8n_seed20260513_lodo_all_label_boundary_overlap.csv
0.3,144041,1209,0.008393,D44:794; Repair:321; D43:63; D50:31,Japan:696; China_MotorBike:211; India:192; China_Drone:110,YOLOv8n seed20260513,lodo_all,data_processed\calibration\g4a_r08_repeat_yolov8n_seed20260513_lodo_all_label_boundary_overlap.csv
0.5,144041,364,0.002527,D44:259; Repair:87; D50:11; D43:7,Japan:202; India:75; China_MotorBike:54; China_Drone:33,YOLOv8n seed20260513,lodo_all,data_processed\calibration\g4a_r08_repeat_yolov8n_seed20260513_lodo_all_label_boundary_overlap.csv
0.1,153927,2888,0.018762,D44:1713; Repair:683; D50:226; D43:146; D11:69; D01:51,Japan:1925; China_MotorBike:552; India:280; China_Drone:131,YOLOv8n seed20260513,ordinary,data_processed\calibration\g4a_r08_repeat_yolov8n_seed20260513_ordinary_label_boundary_overlap.csv
0.3,153927,863,0.005607,D44:496; Repair:245; D50:62; D01:22; D11:20; D43:18,Japan:527; China_MotorBike:200; India:91; China_Drone:45,YOLOv8n seed20260513,ordinary,data_processed\calibration\g4a_r08_repeat_yolov8n_seed20260513_ordinary_label_boundary_overlap.csv
0.5,153927,263,0.001709,D44:150; Repair:76; D50:28; D01:6; D11:2; D43:1,Japan:159; China_MotorBike:60; India:28; China_Drone:16,YOLOv8n seed20260513,ordinary,data_processed\calibration\g4a_r08_repeat_yolov8n_seed20260513_ordinary_label_boundary_overlap.csv
0.1,152905,2865,0.018737,D44:1661; Repair:494; D50:260; D01:177; D43:173; D11:100,Japan:1692; India:679; China_Drone:269; China_MotorBike:225,YOLOv8n seed20260514,lodo_all,data_processed\calibration\g4a_r08_repeat_yolov8n_seed20260514_lodo_all_label_boundary_overlap.csv
0.3,152905,874,0.005716,D44:510; Repair:166; D50:68; D01:54; D43:44; D11:32,Japan:500; India:208; China_Drone:88; China_MotorBike:78,YOLOv8n seed20260514,lodo_all,data_processed\calibration\g4a_r08_repeat_yolov8n_seed20260514_lodo_all_label_boundary_overlap.csv
0.5,152905,270,0.001766,D44:162; Repair:55; D50:23; D01:20; D11:5; D43:5,Japan:145; India:70; China_Drone:30; China_MotorBike:25,YOLOv8n seed20260514,lodo_all,data_processed\calibration\g4a_r08_repeat_yolov8n_seed20260514_lodo_all_label_boundary_overlap.csv
0.1,157396,3372,0.021424,D44:1725; Repair:1157; D50:336; D43:102; D01:52,Japan:1685; China_MotorBike:903; India:530; China_Drone:254,YOLOv8n seed20260514,ordinary,data_processed\calibration\g4a_r08_repeat_yolov8n_seed20260514_ordinary_label_boundary_overlap.csv
0.3,157396,1029,0.006538,D44:562; Repair:342; D50:95; D43:16; D01:14,Japan:513; China_MotorBike:252; India:174; China_Drone:90,YOLOv8n seed20260514,ordinary,data_processed\calibration\g4a_r08_repeat_yolov8n_seed20260514_ordinary_label_boundary_overlap.csv
0.5,157396,302,0.001919,D44:165; Repair:96; D50:33; D43:5; D01:3,Japan:149; China_MotorBike:61; India:57; China_Drone:35,YOLOv8n seed20260514,ordinary,data_processed\calibration\g4a_r08_repeat_yolov8n_seed20260514_ordinary_label_boundary_overlap.csv
0.1,111282,2116,0.019015,D44:1037; Repair:851; D50:192; D01:19; D43:17,Japan:1104; China_MotorBike:428; China_Drone:423; India:161,YOLOv8s seed20260512,lodo_all,data_processed\calibration\g4b_bridge_yolov8s_seed20260512_lodo_all_label_boundary_overlap.csv
0.3,111282,648,0.005823,D44:364; Repair:199; D50:71; D01:14,Japan:398; China_Drone:114; China_MotorBike:85; India:51,YOLOv8s seed20260512,lodo_all,data_processed\calibration\g4b_bridge_yolov8s_seed20260512_lodo_all_label_boundary_overlap.csv
0.5,111282,204,0.001833,D44:104; Repair:55; D50:34; D01:11,Japan:125; China_Drone:33; India:24; China_MotorBike:22,YOLOv8s seed20260512,lodo_all,data_processed\calibration\g4b_bridge_yolov8s_seed20260512_lodo_all_label_boundary_overlap.csv
0.1,118746,1462,0.012312,D44:742; Repair:353; D50:312; D01:55,Japan:705; India:404; China_MotorBike:177; China_Drone:176,YOLOv8s seed20260512,ordinary,data_processed\calibration\g4b_bridge_yolov8s_seed20260512_ordinary_label_boundary_overlap.csv
0.3,118746,492,0.004143,D44:233; D50:130; Repair:111; D01:18,Japan:235; India:146; China_Drone:69; China_MotorBike:42,YOLOv8s seed20260512,ordinary,data_processed\calibration\g4b_bridge_yolov8s_seed20260512_ordinary_label_boundary_overlap.csv
0.5,118746,151,0.001272,D44:65; D50:47; Repair:34; D01:5,Japan:74; India:43; China_Drone:19; China_MotorBike:15,YOLOv8s seed20260512,ordinary,data_processed\calibration\g4b_bridge_yolov8s_seed20260512_ordinary_label_boundary_overlap.csv
0.1,97077,2043,0.021045,D44:1091; Repair:830; D43:110; D50:12,Japan:1047; China_MotorBike:572; China_Drone:258; India:166,YOLOv8s seed20260513,lodo_all,data_processed\calibration\g4b_bridge_yolov8s_seed20260513_lodo_all_label_boundary_overlap.csv
0.3,97077,644,0.006634,D44:391; Repair:224; D43:23; D50:6,Japan:363; China_MotorBike:147; China_Drone:77; India:57,YOLOv8s seed20260513,lodo_all,data_processed\calibration\g4b_bridge_yolov8s_seed20260513_lodo_all_label_boundary_overlap.csv
0.5,97077,196,0.002019,D44:137; Repair:54; D43:4; D50:1,Japan:115; China_MotorBike:41; India:27; China_Drone:13,YOLOv8s seed20260513,lodo_all,data_processed\calibration\g4b_bridge_yolov8s_seed20260513_lodo_all_label_boundary_overlap.csv
0.1,131643,2032,0.015436,D44:1108; Repair:538; D50:219; D11:80; D01:50; D43:37,Japan:1209; China_MotorBike:429; India:285; China_Drone:109,YOLOv8s seed20260513,ordinary,data_processed\calibration\g4b_bridge_yolov8s_seed20260513_ordinary_label_boundary_overlap.csv
0.3,131643,604,0.004588,D44:338; Repair:146; D50:73; D01:22; D11:22; D43:3,Japan:366; China_MotorBike:110; India:92; China_Drone:36,YOLOv8s seed20260513,ordinary,data_processed\calibration\g4b_bridge_yolov8s_seed20260513_ordinary_label_boundary_overlap.csv
0.5,131643,175,0.001329,D44:93; Repair:41; D50:34; D01:6; D11:1,Japan:107; China_MotorBike:35; India:27; China_Drone:6,YOLOv8s seed20260513,ordinary,data_processed\calibration\g4b_bridge_yolov8s_seed20260513_ordinary_label_boundary_overlap.csv
0.1,111841,1715,0.015334,D44:831; Repair:342; D50:210; D01:129; D11:125; D43:78,Japan:901; India:472; China_Drone:205; China_MotorBike:137,YOLOv8s seed20260514,lodo_all,data_processed\calibration\g4b_bridge_yolov8s_seed20260514_lodo_all_label_boundary_overlap.csv
0.3,111841,536,0.004793,D44:268; Repair:100; D50:59; D01:55; D11:38; D43:16,Japan:257; India:179; China_Drone:78; China_MotorBike:22,YOLOv8s seed20260514,lodo_all,data_processed\calibration\g4b_bridge_yolov8s_seed20260514_lodo_all_label_boundary_overlap.csv
0.5,111841,181,0.001618,D44:96; Repair:27; D50:27; D01:20; D11:10; D43:1,Japan:88; India:66; China_Drone:22; China_MotorBike:5,YOLOv8s seed20260514,lodo_all,data_processed\calibration\g4b_bridge_yolov8s_seed20260514_lodo_all_label_boundary_overlap.csv
0.1,121288,2227,0.018361,D44:1035; Repair:827; D50:250; D01:71; D43:44,Japan:859; China_MotorBike:706; India:541; China_Drone:121,YOLOv8s seed20260514,ordinary,data_processed\calibration\g4b_bridge_yolov8s_seed20260514_ordinary_label_boundary_overlap.csv
0.3,121288,713,0.005879,D44:366; Repair:225; D50:97; D01:21; D43:4,Japan:296; India:192; China_MotorBike:190; China_Drone:35,YOLOv8s seed20260514,ordinary,data_processed\calibration\g4b_bridge_yolov8s_seed20260514_ordinary_label_boundary_overlap.csv
0.5,121288,226,0.001863,D44:114; Repair:70; D50:37; D01:5,Japan:100; India:56; China_MotorBike:56; China_Drone:14,YOLOv8s seed20260514,ordinary,data_processed\calibration\g4b_bridge_yolov8s_seed20260514_ordinary_label_boundary_overlap.csv
