threshold,total_images,gt_positive_images,pred_positive_images_full,selected_images,accepted_predictions,image_review_coverage,selected_image_tp_rate,selected_image_fp_flag_rate,gt_image_recall_proxy,gt_image_miss_proxy,seed,model_label,split,source_csv
0.05,560.0,560.0,560.0,478.0,2766.0,0.853571,0.562762,0.974895,0.480357,0.519643,20260512,YOLOv8n 320px 4ep,ordinary,data_processed\calibration\g3_frozen_subset_ordinary_image_level_coverage.csv
0.1,560.0,560.0,560.0,349.0,1080.0,0.623214,0.52149,0.922636,0.325,0.675,20260512,YOLOv8n 320px 4ep,ordinary,data_processed\calibration\g3_frozen_subset_ordinary_image_level_coverage.csv
0.2,560.0,560.0,560.0,195.0,400.0,0.348214,0.569231,0.758974,0.198214,0.801786,20260512,YOLOv8n 320px 4ep,ordinary,data_processed\calibration\g3_frozen_subset_ordinary_image_level_coverage.csv
0.5,560.0,560.0,560.0,34.0,60.0,0.060714,0.676471,0.676471,0.041071,0.958929,20260512,YOLOv8n 320px 4ep,ordinary,data_processed\calibration\g3_frozen_subset_ordinary_image_level_coverage.csv
0.05,560.0,560.0,560.0,457.0,2956.0,0.816071,0.365427,0.969365,0.298214,0.701786,20260512,YOLOv8n 320px 4ep,lodo_all,data_processed\calibration\g3_frozen_subset_lodo_all_image_level_coverage.csv
0.1,560.0,560.0,560.0,315.0,1344.0,0.5625,0.314286,0.939683,0.176786,0.823214,20260512,YOLOv8n 320px 4ep,lodo_all,data_processed\calibration\g3_frozen_subset_lodo_all_image_level_coverage.csv
0.2,560.0,560.0,560.0,172.0,602.0,0.307143,0.27907,0.877907,0.085714,0.914286,20260512,YOLOv8n 320px 4ep,lodo_all,data_processed\calibration\g3_frozen_subset_lodo_all_image_level_coverage.csv
0.5,560.0,560.0,560.0,82.0,254.0,0.146429,0.109756,0.963415,0.016071,0.983929,20260512,YOLOv8n 320px 4ep,lodo_all,data_processed\calibration\g3_frozen_subset_lodo_all_image_level_coverage.csv
0.05,560.0,560.0,560.0,544.0,6811.0,0.971429,0.768382,0.988971,0.746429,0.253571,20260512,YOLOv8s 640px 8ep,ordinary,data_processed\calibration\g4b_bridge_yolov8s_seed20260512_ordinary_image_level_coverage.csv
0.1,560.0,560.0,560.0,485.0,2696.0,0.866071,0.701031,0.923711,0.607143,0.392857,20260512,YOLOv8s 640px 8ep,ordinary,data_processed\calibration\g4b_bridge_yolov8s_seed20260512_ordinary_image_level_coverage.csv
0.2,560.0,560.0,560.0,283.0,713.0,0.505357,0.713781,0.646643,0.360714,0.639286,20260512,YOLOv8s 640px 8ep,ordinary,data_processed\calibration\g4b_bridge_yolov8s_seed20260512_ordinary_image_level_coverage.csv
0.5,560.0,560.0,560.0,41.0,53.0,0.073214,0.878049,0.317073,0.064286,0.935714,20260512,YOLOv8s 640px 8ep,ordinary,data_processed\calibration\g4b_bridge_yolov8s_seed20260512_ordinary_image_level_coverage.csv
0.05,560.0,560.0,560.0,518.0,5384.0,0.925,0.600386,0.986486,0.555357,0.444643,20260512,YOLOv8s 640px 8ep,lodo_all,data_processed\calibration\g4b_bridge_yolov8s_seed20260512_lodo_all_image_level_coverage.csv
0.1,560.0,560.0,560.0,430.0,1852.0,0.767857,0.504651,0.923256,0.3875,0.6125,20260512,YOLOv8s 640px 8ep,lodo_all,data_processed\calibration\g4b_bridge_yolov8s_seed20260512_lodo_all_image_level_coverage.csv
0.2,560.0,560.0,560.0,222.0,404.0,0.396429,0.481982,0.761261,0.191071,0.808929,20260512,YOLOv8s 640px 8ep,lodo_all,data_processed\calibration\g4b_bridge_yolov8s_seed20260512_lodo_all_image_level_coverage.csv
0.5,560.0,560.0,560.0,22.0,26.0,0.039286,0.681818,0.454545,0.026786,0.973214,20260512,YOLOv8s 640px 8ep,lodo_all,data_processed\calibration\g4b_bridge_yolov8s_seed20260512_lodo_all_image_level_coverage.csv
0.05,560.0,560.0,560.0,458.0,2847.0,0.817857,0.545852,0.9869,0.446429,0.553571,20260513,YOLOv8n 320px 4ep,ordinary,data_processed\calibration\g4a_r08_repeat_yolov8n_seed20260513_ordinary_image_level_coverage.csv
0.1,560.0,560.0,560.0,334.0,1128.0,0.596429,0.535928,0.904192,0.319643,0.680357,20260513,YOLOv8n 320px 4ep,ordinary,data_processed\calibration\g4a_r08_repeat_yolov8n_seed20260513_ordinary_image_level_coverage.csv
0.2,560.0,560.0,560.0,174.0,428.0,0.310714,0.591954,0.741379,0.183929,0.816071,20260513,YOLOv8n 320px 4ep,ordinary,data_processed\calibration\g4a_r08_repeat_yolov8n_seed20260513_ordinary_image_level_coverage.csv
0.5,560.0,560.0,560.0,37.0,61.0,0.066071,0.648649,0.675676,0.042857,0.957143,20260513,YOLOv8n 320px 4ep,ordinary,data_processed\calibration\g4a_r08_repeat_yolov8n_seed20260513_ordinary_image_level_coverage.csv
0.05,560.0,560.0,560.0,419.0,2172.0,0.748214,0.372315,0.988067,0.278571,0.721429,20260513,YOLOv8n 320px 4ep,lodo_all,data_processed\calibration\g4a_r08_repeat_yolov8n_seed20260513_lodo_all_image_level_coverage.csv
0.1,560.0,560.0,560.0,273.0,728.0,0.4875,0.315018,0.923077,0.153571,0.846429,20260513,YOLOv8n 320px 4ep,lodo_all,data_processed\calibration\g4a_r08_repeat_yolov8n_seed20260513_lodo_all_image_level_coverage.csv
0.2,560.0,560.0,560.0,113.0,206.0,0.201786,0.292035,0.858407,0.058929,0.941071,20260513,YOLOv8n 320px 4ep,lodo_all,data_processed\calibration\g4a_r08_repeat_yolov8n_seed20260513_lodo_all_image_level_coverage.csv
0.5,560.0,560.0,560.0,20.0,24.0,0.035714,0.3,0.75,0.010714,0.989286,20260513,YOLOv8n 320px 4ep,lodo_all,data_processed\calibration\g4a_r08_repeat_yolov8n_seed20260513_lodo_all_image_level_coverage.csv
0.05,560.0,560.0,560.0,544.0,7328.0,0.971429,0.762868,0.988971,0.741071,0.258929,20260513,YOLOv8s 640px 8ep,ordinary,data_processed\calibration\g4b_bridge_yolov8s_seed20260513_ordinary_image_level_coverage.csv
0.1,560.0,560.0,560.0,475.0,3098.0,0.848214,0.72,0.930526,0.610714,0.389286,20260513,YOLOv8s 640px 8ep,ordinary,data_processed\calibration\g4b_bridge_yolov8s_seed20260513_ordinary_image_level_coverage.csv
0.2,560.0,560.0,560.0,317.0,946.0,0.566071,0.722397,0.722397,0.408929,0.591071,20260513,YOLOv8s 640px 8ep,ordinary,data_processed\calibration\g4b_bridge_yolov8s_seed20260513_ordinary_image_level_coverage.csv
0.5,560.0,560.0,560.0,48.0,53.0,0.085714,0.8125,0.229167,0.069643,0.930357,20260513,YOLOv8s 640px 8ep,ordinary,data_processed\calibration\g4b_bridge_yolov8s_seed20260513_ordinary_image_level_coverage.csv
0.05,560.0,560.0,560.0,474.0,3694.0,0.846429,0.567511,0.966245,0.480357,0.519643,20260513,YOLOv8s 640px 8ep,lodo_all,data_processed\calibration\g4b_bridge_yolov8s_seed20260513_lodo_all_image_level_coverage.csv
0.1,560.0,560.0,560.0,335.0,1190.0,0.598214,0.528358,0.871642,0.316071,0.683929,20260513,YOLOv8s 640px 8ep,lodo_all,data_processed\calibration\g4b_bridge_yolov8s_seed20260513_lodo_all_image_level_coverage.csv
0.2,560.0,560.0,560.0,144.0,214.0,0.257143,0.5,0.645833,0.128571,0.871429,20260513,YOLOv8s 640px 8ep,lodo_all,data_processed\calibration\g4b_bridge_yolov8s_seed20260513_lodo_all_image_level_coverage.csv
0.5,560.0,560.0,560.0,5.0,5.0,0.008929,0.6,0.4,0.005357,0.994643,20260513,YOLOv8s 640px 8ep,lodo_all,data_processed\calibration\g4b_bridge_yolov8s_seed20260513_lodo_all_image_level_coverage.csv
0.05,560.0,560.0,560.0,466.0,3630.0,0.832143,0.542918,0.980687,0.451786,0.548214,20260514,YOLOv8n 320px 4ep,ordinary,data_processed\calibration\g4a_r08_repeat_yolov8n_seed20260514_ordinary_image_level_coverage.csv
0.1,560.0,560.0,560.0,331.0,1657.0,0.591071,0.558912,0.939577,0.330357,0.669643,20260514,YOLOv8n 320px 4ep,ordinary,data_processed\calibration\g4a_r08_repeat_yolov8n_seed20260514_ordinary_image_level_coverage.csv
0.2,560.0,560.0,560.0,208.0,668.0,0.371429,0.572115,0.860577,0.2125,0.7875,20260514,YOLOv8n 320px 4ep,ordinary,data_processed\calibration\g4a_r08_repeat_yolov8n_seed20260514_ordinary_image_level_coverage.csv
0.5,560.0,560.0,560.0,43.0,60.0,0.076786,0.651163,0.55814,0.05,0.95,20260514,YOLOv8n 320px 4ep,ordinary,data_processed\calibration\g4a_r08_repeat_yolov8n_seed20260514_ordinary_image_level_coverage.csv
0.05,560.0,560.0,560.0,455.0,2473.0,0.8125,0.413187,0.971429,0.335714,0.664286,20260514,YOLOv8n 320px 4ep,lodo_all,data_processed\calibration\g4a_r08_repeat_yolov8n_seed20260514_lodo_all_image_level_coverage.csv
0.1,560.0,560.0,560.0,300.0,955.0,0.535714,0.38,0.926667,0.203571,0.796429,20260514,YOLOv8n 320px 4ep,lodo_all,data_processed\calibration\g4a_r08_repeat_yolov8n_seed20260514_lodo_all_image_level_coverage.csv
0.2,560.0,560.0,560.0,156.0,330.0,0.278571,0.358974,0.839744,0.1,0.9,20260514,YOLOv8n 320px 4ep,lodo_all,data_processed\calibration\g4a_r08_repeat_yolov8n_seed20260514_lodo_all_image_level_coverage.csv
0.5,560.0,560.0,560.0,32.0,51.0,0.057143,0.4375,0.75,0.025,0.975,20260514,YOLOv8n 320px 4ep,lodo_all,data_processed\calibration\g4a_r08_repeat_yolov8n_seed20260514_lodo_all_image_level_coverage.csv
0.05,560.0,560.0,560.0,540.0,6409.0,0.964286,0.77963,0.990741,0.751786,0.248214,20260514,YOLOv8s 640px 8ep,ordinary,data_processed\calibration\g4b_bridge_yolov8s_seed20260514_ordinary_image_level_coverage.csv
0.1,560.0,560.0,560.0,491.0,2731.0,0.876786,0.718941,0.93279,0.630357,0.369643,20260514,YOLOv8s 640px 8ep,ordinary,data_processed\calibration\g4b_bridge_yolov8s_seed20260514_ordinary_image_level_coverage.csv
0.2,560.0,560.0,560.0,314.0,776.0,0.560714,0.678344,0.757962,0.380357,0.619643,20260514,YOLOv8s 640px 8ep,ordinary,data_processed\calibration\g4b_bridge_yolov8s_seed20260514_ordinary_image_level_coverage.csv
0.5,560.0,560.0,560.0,44.0,63.0,0.078571,0.863636,0.363636,0.067857,0.932143,20260514,YOLOv8s 640px 8ep,ordinary,data_processed\calibration\g4b_bridge_yolov8s_seed20260514_ordinary_image_level_coverage.csv
0.05,560.0,560.0,560.0,497.0,4700.0,0.8875,0.627767,0.971831,0.557143,0.442857,20260514,YOLOv8s 640px 8ep,lodo_all,data_processed\calibration\g4b_bridge_yolov8s_seed20260514_lodo_all_image_level_coverage.csv
0.1,560.0,560.0,560.0,371.0,1705.0,0.6625,0.614555,0.924528,0.407143,0.592857,20260514,YOLOv8s 640px 8ep,lodo_all,data_processed\calibration\g4b_bridge_yolov8s_seed20260514_lodo_all_image_level_coverage.csv
0.2,560.0,560.0,560.0,183.0,409.0,0.326786,0.590164,0.710383,0.192857,0.807143,20260514,YOLOv8s 640px 8ep,lodo_all,data_processed\calibration\g4b_bridge_yolov8s_seed20260514_lodo_all_image_level_coverage.csv
0.5,560.0,560.0,560.0,4.0,6.0,0.007143,1.0,0.25,0.007143,0.992857,20260514,YOLOv8s 640px 8ep,lodo_all,data_processed\calibration\g4b_bridge_yolov8s_seed20260514_lodo_all_image_level_coverage.csv
